[{"ID":"10","StorageLocation":"001","Description":"Materiallager"},{"ID":"20","StorageLocation":"002","Description":"Fertigwarenlanger"},{"ID":"30","StorageLocation":"003","Description":"WE-Lager Fertigu"},{"ID":"40","StorageLocation":"004","Description":"FHM-Lager"},{"ID":"50","StorageLocation":"005","Description":"Gefahrstoffe"},{"ID":"60","StorageLocation":"006","Description":"Aussenlager"},{"ID":"70","StorageLocation":"007","Description":"HU-Lager ohne WM"},{"ID":"80","StorageLocation":"010","Description":"ARGENTINA"},{"ID":"90","StorageLocation":"0088","Description":"Zentrallager WM"},{"ID":"100","StorageLocation":"9988","Description":"Packstucke WM"}]