[{"ID":"1","Line":"1","Material":"Pentium Dual core","Quantity":"100","EUn":"PC","MaterialNo":"1108","QuantityOrdered":"103","MaterialGroup":"001","POnum":"4500019332","PlantName":"Centro Argentina","PlantNo":"7500","MovementType":"101","Vendor":"Krit Solutions","VendorID":"100073","___FK_698989f213b1cd530be119a6":"4500019332"},{"ID":"2","Line":"2","Material":"DDR RAM 667 Mhz","Quantity":"110","EUn":"PC","MaterialNo":"1109","QuantityOrdered":"114","MaterialGroup":"001","POnum":"4500019332","PlantName":"Centro Argentina","PlantNo":"7500","MovementType":"101","Vendor":"Krit Solutions","VendorID":"100073","___FK_698989f213b1cd530be119a6":"4500019332"},{"ID":"3","Line":"10","Material":"Hard Disk 7500 rpm","Quantity":"115","EUn":"PC","MaterialNo":"1110","QuantityOrdered":"120","MaterialGroup":"001","POnum":"4500019337","PlantName":"Ventura Spot","PlantNo":"2500","MovementType":"101","Vendor":"Krit Solutions","VendorID":"100073","___FK_698989f213b1cd530be119a6":"4500019337"},{"ID":"4","Line":"20","Material":"DDR RAM 667 MHz","Quantity":"120","EUn":"PC","MaterialNo":"1109","QuantityOrdered":"126","MaterialGroup":"001","POnum":"4500019337","PlantName":"Ventura Spot","PlantNo":"2500","MovementType":"101","Vendor":"Krit Solutions","VendorID":"100073","___FK_698989f213b1cd530be119a6":"4500019337"},{"ID":"5","Line":"1","Material":"Lenovo 15\" Monitor","Quantity":"125","EUn":"PC","MaterialNo":"1111","QuantityOrdered":"132","MaterialGroup":"001","POnum":"4500019333","PlantName":"Centro Argentina","PlantNo":"7500","MovementType":"101","Vendor":"P3 InfoTech","VendorID":"100074","___FK_698989f213b1cd530be119a6":"4500019333"},{"ID":"6","Line":"2","Material":"Lenovo Optical Mouse","Quantity":"130","EUn":"PC","MaterialNo":"1112","QuantityOrdered":"136","MaterialGroup":"001","POnum":"4500019333","PlantName":"Centro Argentina","PlantNo":"7500","MovementType":"101","Vendor":"P3 InfoTech","VendorID":"100074","___FK_698989f213b1cd530be119a6":"4500019333"},{"ID":"7","Line":"10","Material":"Hard Disk 7500 rpm","Quantity":"135","EUn":"PC","MaterialNo":"1109","QuantityOrdered":"140","MaterialGroup":"001","POnum":"4500019334","PlantName":"Ventura Spot","PlantNo":"2500","MovementType":"101","Vendor":"P3 InfoTech","VendorID":"100074","___FK_698989f213b1cd530be119a6":"4500019334"},{"ID":"8","Line":"20","Material":"Lenovo Optical Mouse","Quantity":"140","EUn":"PC","MaterialNo":"1112","QuantityOrdered":"144","MaterialGroup":"001","POnum":"4500019334","PlantName":"Ventura Spot","PlantNo":"2500","MovementType":"101","Vendor":"P3 InfoTech","VendorID":"100074","___FK_698989f213b1cd530be119a6":"4500019334"},{"ID":"9","Line":"1","Material":"Lenovo 15\" Monitor","Quantity":"145","EUn":"PC","MaterialNo":"1111","QuantityOrdered":"148","MaterialGroup":"001","POnum":"4500019336","PlantName":"Centro Argentina","PlantNo":"7500","MovementType":"101","Vendor":"PC Solutions","VendorID":"100075","___FK_698989f213b1cd530be119a6":"4500019336"},{"ID":"10","Line":"2","Material":"Pentium Dual Core","Quantity":"150","EUn":"PC","MaterialNo":"1108","QuantityOrdered":"152","MaterialGroup":"001","POnum":"4500019336","PlantName":"Centro Argentina","PlantNo":"7500","MovementType":"101","Vendor":"PC Solutions","VendorID":"100075","___FK_698989f213b1cd530be119a6":"4500019336"},{"ID":"11","Line":"3","Material":"Lenovo Optical Mouse","Quantity":"155","EUn":"PC","MaterialNo":"1112","QuantityOrdered":"156","MaterialGroup":"001","POnum":"4500019336","PlantName":"Centro Argentina","PlantNo":"7500","MovementType":"101","Vendor":"PC Solutions","VendorID":"100075","___FK_698989f213b1cd530be119a6":"4500019336"}]