<edmx:Edmx Version="1.0" xmlns:edmx="http://schemas.microsoft.com/ado/2007/06/edmx" xmlns:m="http://schemas.microsoft.com/ado/2007/08/dataservices/metadata" xmlns:sap="http://www.sap.com/Protocols/SAPData">
    <edmx:DataServices m:DataServiceVersion="2.0">
        <Schema Namespace="f283aed026d6570c0d48ca22" xml:lang="en" sap:schema-version="0000" xmlns="http://schemas.microsoft.com/ado/2008/09/edm">
            <EntityContainer Name="f283aed026d6570c0d48ca22_Entities" m:IsDefaultEntityContainer="true">
                <EntitySet Name="PurchaseOrderSet" EntityType="f283aed026d6570c0d48ca22.PurchaseOrder" sap:creatable="true" sap:updatable="true" sap:deletable="true"/>
                <AssociationSet Name="PurchaseOrderLineItemSetLineItems" Association="f283aed026d6570c0d48ca22.PurchaseOrderLineItemSetLineItems" sap:creatable="true" sap:updatable="true" sap:deletable="true">
                    <End EntitySet="PurchaseOrderSet" Role="FromRole_PurchaseOrderLineItemSetLineItems"/>
                    <End EntitySet="LineItemsSet" Role="ToRole_PurchaseOrderLineItemSetLineItems"/>
                </AssociationSet>
                <EntitySet Name="LineItemsSet" EntityType="f283aed026d6570c0d48ca22.LineItems" sap:creatable="true" sap:updatable="true" sap:deletable="true"/>
                <EntitySet Name="ItemDetailsSet" EntityType="f283aed026d6570c0d48ca22.ItemDetails" sap:creatable="true" sap:updatable="true" sap:deletable="true"/>
            </EntityContainer>
            <EntityType Name="PurchaseOrder">
                <Key>
                    <PropertyRef Name="ID"/>
                </Key>
                <Property Name="ID" Type="Edm.String" sap:creatable="true" sap:updatable="true" sap:deletable="true" sap:label="ID"/>
                <Property Name="Vendor_Name" Type="Edm.String" sap:creatable="true" sap:updatable="true" sap:deletable="true" sap:label="Vendor_Name"/>
                <Property Name="Vendor_ID" Type="Edm.String" sap:creatable="true" sap:updatable="true" sap:deletable="true" sap:label="Vendor_ID"/>
                <NavigationProperty Name="LineItemSet" Relationship="f283aed026d6570c0d48ca22.PurchaseOrderLineItemSetLineItems" FromRole="FromRole_PurchaseOrderLineItemSetLineItems" ToRole="ToRole_PurchaseOrderLineItemSetLineItems"/>
            </EntityType>
            <Association Name="PurchaseOrderLineItemSetLineItems">
                <End Type="f283aed026d6570c0d48ca22.PurchaseOrder" Multiplicity="1" Role="FromRole_PurchaseOrderLineItemSetLineItems"/>
                <End Type="f283aed026d6570c0d48ca22.LineItems" Multiplicity="*" Role="ToRole_PurchaseOrderLineItemSetLineItems"/>
                <ReferentialConstraint>
                    <Principal Role="FromRole_PurchaseOrderLineItemSetLineItems">
                        <PropertyRef Name="ID"/>
                    </Principal>
                    <Dependent Role="ToRole_PurchaseOrderLineItemSetLineItems">
                        <PropertyRef Name="___FK_698989f213b1cd530be119a6"/>
                    </Dependent>
                </ReferentialConstraint>
            </Association>
            <EntityType Name="LineItems">
                <Key>
                    <PropertyRef Name="ID"/>
                </Key>
                <Property Name="ID" Type="Edm.String" sap:creatable="true" sap:updatable="true" sap:deletable="true" sap:label="ID"/>
                <Property Name="Line" Type="Edm.String" sap:creatable="true" sap:updatable="true" sap:deletable="true" sap:label="Line"/>
                <Property Name="Material" Type="Edm.String" sap:creatable="true" sap:updatable="true" sap:deletable="true" sap:label="Material"/>
                <Property Name="Quantity" Type="Edm.String" sap:creatable="true" sap:updatable="true" sap:deletable="true" sap:label="Quantity"/>
                <Property Name="EUn" Type="Edm.String" sap:creatable="true" sap:updatable="true" sap:deletable="true" sap:label="EUn"/>
                <Property Name="MaterialNo" Type="Edm.String" sap:creatable="true" sap:updatable="true" sap:deletable="true" sap:label="MaterialNo"/>
                <Property Name="QuantityOrdered" Type="Edm.String" sap:creatable="true" sap:updatable="true" sap:deletable="true" sap:label="QuantityOrdered"/>
                <Property Name="MaterialGroup" Type="Edm.String" sap:creatable="true" sap:updatable="true" sap:deletable="true" sap:label="MaterialGroup"/>
                <Property Name="POnum" Type="Edm.String" sap:creatable="true" sap:updatable="true" sap:deletable="true" sap:label="POnum"/>
                <Property Name="PlantName" Type="Edm.String" sap:creatable="true" sap:updatable="true" sap:deletable="true" sap:label="PlantName"/>
                <Property Name="PlantNo" Type="Edm.String" sap:creatable="true" sap:updatable="true" sap:deletable="true" sap:label="PlantNo"/>
                <Property Name="MovementType" Type="Edm.String" sap:creatable="true" sap:updatable="true" sap:deletable="true" sap:label="MovementType"/>
                <Property Name="Vendor" Type="Edm.String" sap:creatable="true" sap:updatable="true" sap:deletable="true" sap:label="Vendor"/>
                <Property Name="VendorID" Type="Edm.String" sap:creatable="true" sap:updatable="true" sap:deletable="true" sap:label="VendorID"/>
                <Property Name="___FK_698989f213b1cd530be119a6" Type="Edm.String" sap:creatable="true" sap:updatable="true" sap:deletable="true" sap:label="From.PurchaseOrder"/>
            </EntityType>
            <EntityType Name="ItemDetails">
                <Key>
                    <PropertyRef Name="ID"/>
                </Key>
                <Property Name="ID" Type="Edm.String" sap:creatable="true" sap:updatable="true" sap:deletable="true" sap:label="ID"/>
                <Property Name="StorageLocation" Type="Edm.String" sap:creatable="true" sap:updatable="true" sap:deletable="true" sap:label="StorageLocation"/>
                <Property Name="Description" Type="Edm.String" sap:creatable="true" sap:updatable="true" sap:deletable="true" sap:label="Description"/>
            </EntityType>
        </Schema>
    </edmx:DataServices>
</edmx:Edmx>
